{
     "FDc0d3": "F-Tool",
     "MCBOT": "MHDDoS_",
  "MINECRAFT_DEFAULT_PROTOCOL": 47,
   "Proxies": [
          {
               "type": 1,
               "url": "https://api.proxyscrape.com/v2/?request=displayproxies&protocol=http&timeout=10000&country=all&ssl=all&anonymity=all",
               "timeout": 5
          },
          {
               "type": 1,
               "url": "https://www.proxy-list.download/api/v1/get?type=http&anon=elite&country=US",
               "timeout": 5
          },
          {
               "type": 1,
               "url": "https://api.proxyscrape.com/?request=displayproxies&proxytype=http",
               "timeout": 5
          },
          {
               "type": 1,
               "url": "https://api.openproxylist.xyz/http.txt",
               "timeout": 5
          },
          {
               "type": 2,
               "url": "https://api.proxyscrape.com/v2/?request=displayproxies&protocol=https&timeout=10000&country=all&ssl=all&anonymity=all",
               "timeout": 5
          },
          {
               "type": 2,
               "url": "https://www.proxy-list.download/api/v1/get?type=https&anon=elite&country=US",
               "timeout": 5
          },
          {
               "type": 2,
               "url": "https://api.proxyscrape.com/?request=displayproxies&proxytype=https",
               "timeout": 5
          },
          {
               "type": 2,
               "url": "https://api.openproxylist.xyz/https.txt",
               "timeout": 5
          },
          {
               "type": 3,
               "url": "https://api.proxyscrape.com/v2/?request=displayproxies&protocol=socks4&timeout=10000&country=all&ssl=all&anonymity=all",
               "timeout": 5
          },
          {
               "type": 3,
               "url": "https://www.proxy-list.download/api/v1/get?type=socks4&anon=elite&country=US",
               "timeout": 5
          },
          {
               "type": 3,
               "url": "https://api.proxyscrape.com/?request=displayproxies&proxytype=socks4",
               "timeout": 5
          },
          {
               "type": 3,
               "url": "https://api.openproxylist.xyz/socks4.txt",
               "timeout": 5
          },
          {
               "type": 4,
               "url": "https://api.proxyscrape.com/v2/?request=displayproxies&protocol=socks5&timeout=10000&country=all&ssl=all&anonymity=all",
               "timeout": 5
          },
          {
               "type": 4,
               "url": "https://www.proxy-list.download/api/v1/get?type=socks5&anon=elite&country=US",
               "timeout": 5
          },
          {
               "type": 4,
               "url": "https://api.proxyscrape.com/?request=displayproxies&proxytype=socks5",
               "timeout": 5
          },
          {
               "type": 4,
               "url": "https://api.openproxylist.xyz/socks5.txt",
               "timeout": 5
          }
          {"type":4, "url": "https://api.proxyscrape.com/v2/?request=displayproxies&protocol=socks4",  "timeout": 5},
		{"type":4, "url": "https://api.proxyscrape.com/?request=displayproxies&proxytype=socks4",  "timeout": 5},
		{"type":4, "url": "https://api.proxyscrape.com/?request=displayproxies&proxytype=socks4&country=all",  "timeout": 5},
		{"type":4, "url": "https://api.openproxylist.xyz/socks4.txt",  "timeout": 5},
		{"type":4, "url": "https://proxyspace.pro/socks4.txt",  "timeout": 5},
	  	{"type":4, "url": "https://raw.githubusercontent.com/monosans/proxy-list/main/proxies/socks4.txt",  "timeout": 5},
	  	{"type":4, "url": "https://raw.githubusercontent.com/monosans/proxy-list/main/proxies_anonymous/socks4.txt",  "timeout": 5},
		{"type":4, "url": "https://raw.githubusercontent.com/jetkai/proxy-list/main/online-proxies/txt/proxies-socks4.txt",  "timeout": 5},
		{"type":4, "url": "https://raw.githubusercontent.com/ShiftyTR/Proxy-List/master/socks4.txt",  "timeout": 5},
		{"type":4, "url": "https://raw.githubusercontent.com/TheSpeedX/PROXY-List/master/socks4.txt",  "timeout": 5},
		{"type":4, "url": "https://raw.githubusercontent.com/roosterkid/openproxylist/main/SOCKS4_RAW.txt",  "timeout": 5},
		{"type":4, "url": "http://worm.rip/socks4.txt",  "timeout": 5},
		{"type":4, "url": "https://www.proxy-list.download/api/v1/get?type=socks4",  "timeout": 5},
		{"type":4, "url": "https://www.proxyscan.io/download?type=socks4",  "timeout": 5},
		{"type":4, "url": "https://www.my-proxy.com/free-socks-4-proxy.html",  "timeout": 5},
		{"type":4, "url": "http://www.socks24.org/feeds/posts/default",  "timeout": 5},
		{"type":4, "url": "https://www.freeproxychecker.com/result/socks4_proxies.txt",  "timeout": 5},
		{"type":4, "url": "https://raw.githubusercontent.com/HyperBeats/proxy-list/main/socks4.txt",  "timeout": 5},
		{"type":4, "url": "https://raw.githubusercontent.com/mmpx12/proxy-list/master/socks4.txt",  "timeout": 5},
		{"type":4, "url": "https://raw.githubusercontent.com/saschazesiger/Free-Proxies/master/proxies/socks4.txt",  "timeout": 5},
		{"type":4, "url": "https://raw.githubusercontent.com/B4RC0DE-TM/proxy-list/main/SOCKS4.txt",  "timeout": 5},

		{"type":5, "url": "https://raw.githubusercontent.com/B4RC0DE-TM/proxy-list/main/SOCKS5.txt",  "timeout": 5},
		{"type":5, "url": "https://raw.githubusercontent.com/saschazesiger/Free-Proxies/master/proxies/socks5.txt",  "timeout": 5},
		{"type":5, "url": "https://raw.githubusercontent.com/mmpx12/proxy-list/master/socks5.txt",  "timeout": 5},
		{"type":5, "url": "https://raw.githubusercontent.com/HyperBeats/proxy-list/main/socks5.txt",  "timeout": 5},
		{"type":5, "url": "https://api.openproxylist.xyz/socks5.txt",  "timeout": 5},
		{"type":5, "url": "https://api.proxyscrape.com/?request=displayproxies&proxytype=socks5",  "timeout": 5},
		{"type":5, "url": "https://api.proxyscrape.com/v2/?request=displayproxies&protocol=socks5",  "timeout": 5},
		{"type":5, "url": "https://api.proxyscrape.com/v2/?request=displayproxies&protocol=socks5", "timeout": 5},
		{"type":5, "url": "https://api.proxyscrape.com/v2/?request=getproxies&protocol=socks5&timeout=10000&country=all&simplified=true",  "timeout": 5},
		{"type":5, "url": "https://proxyspace.pro/socks5.txt",  "timeout": 5},
		{"type":5, "url": "https://raw.githubusercontent.com/manuGMG/proxy-365/main/SOCKS5.txt",  "timeout": 5},
		{"type":5, "url": "https://raw.githubusercontent.com/monosans/proxy-list/main/proxies/socks5.txt",  "timeout": 5},
		{"type":5, "url": "https://raw.githubusercontent.com/monosans/proxy-list/main/proxies_anonymous/socks5.txt",  "timeout": 5},
		{"type":5, "url": "https://raw.githubusercontent.com/ShiftyTR/Proxy-List/master/socks5.txt",  "timeout": 5},
		{"type":5, "url": "https://raw.githubusercontent.com/jetkai/proxy-list/main/online-proxies/txt/proxies-socks5.txt",  "timeout": 5},
		{"type":5, "url": "https://raw.githubusercontent.com/roosterkid/openproxylist/main/SOCKS5_RAW.txt",  "timeout": 5},
		{"type":5, "url": "https://raw.githubusercontent.com/TheSpeedX/PROXY-List/master/socks5.txt",  "timeout": 5},
		{"type":5, "url": "https://raw.githubusercontent.com/hookzof/socks5_list/master/proxy.txt",  "timeout": 5},
		{"type":5, "url": "http://worm.rip/socks5.txt",  "timeout": 5},
		{"type":5, "url": "http://www.socks24.org/feeds/posts/default",  "timeout": 5},
		{"type":5, "url": "https://www.freeproxychecker.com/result/socks5_proxies.txt",  "timeout": 5},
		{"type":5, "url": "https://www.proxy-list.download/api/v1/get?type=socks5",  "timeout": 5},
		{"type":5, "url": "https://www.proxyscan.io/download?type=socks5",  "timeout": 5},
		{"type":5, "url": "https://www.my-proxy.com/free-socks-5-proxy.html",  "timeout": 5},


		{"type":1, "url": "https://raw.githubusercontent.com/B4RC0DE-TM/proxy-list/main/HTTP.txt",  "timeout": 5},
		{"type":1, "url": "https://raw.githubusercontent.com/saschazesiger/Free-Proxies/master/proxies/http.txt",  "timeout": 5},
		{"type":1, "url": "https://raw.githubusercontent.com/HyperBeats/proxy-list/main/http.txt",  "timeout": 5},
		{"type":1, "url": "https://raw.githubusercontent.com/HyperBeats/proxy-list/main/https.txt",  "timeout": 5},
		{"type":1, "url": "https://raw.githubusercontent.com/mmpx12/proxy-list/master/http.txt",  "timeout": 5},
		{"type":1, "url": "https://api.proxyscrape.com/?request=displayproxies&proxytype=http",  "timeout": 5},
		{"type":1, "url": "https://api.openproxylist.xyz/http.txt",  "timeout": 5},
		{"type":1, "url": "http://alexa.lr2b.com/proxylist.txt",  "timeout": 5},
		{"type":1, "url": "https://multiproxy.org/txt_all/proxy.txt",  "timeout": 5},
		{"type":1, "url": "https://proxyspace.pro/http.txt",  "timeout": 5},
		{"type":1, "url": "https://proxyspace.pro/https.txt",  "timeout": 5},
		{"type":1, "url": "https://proxy-spider.com/api/proxies.example.txt",  "timeout": 5},
		{"type":1, "url": "http://proxysearcher.sourceforge.net/Proxy%20List.php?type=http",  "timeout": 5},
		{"type":1, "url": "https://raw.githubusercontent.com/RX4096/proxy-list/main/online/all.txt",  "timeout": 5},
		{"type":1, "url": "https://raw.githubusercontent.com/monosans/proxy-list/main/proxies/http.txt",  "timeout": 5},
		{"type":1, "url": "https://raw.githubusercontent.com/monosans/proxy-list/main/proxies_anonymous/http.txt",  "timeout": 5},
		{"type":1, "url": "https://raw.githubusercontent.com/TheSpeedX/SOCKS-List/master/http.txt",  "timeout": 5},
		{"type":1, "url": "https://raw.githubusercontent.com/shiftytr/proxy-list/master/proxy.txt",  "timeout": 5},
		{"type":1, "url": "https://raw.githubusercontent.com/TheSpeedX/PROXY-List/master/http.txt",  "timeout": 5},
		{"type":1, "url": "https://raw.githubusercontent.com/ShiftyTR/Proxy-List/master/http.txt",  "timeout": 5},
		{"type":1, "url": "https://raw.githubusercontent.com/jetkai/proxy-list/main/online-proxies/txt/proxies-http.txt",  "timeout": 5},
		{"type":1, "url": "https://raw.githubusercontent.com/clarketm/proxy-list/master/proxy-list-raw.txt",  "timeout": 5},
		{"type":1, "url": "https://raw.githubusercontent.com/sunny9577/proxy-scraper/master/proxies.txt",  "timeout": 5},
		{"type":1, "url": "https://raw.githubusercontent.com/UserR3X/proxy-list/main/online/http.txt",  "timeout": 5},
		{"type":1, "url": "https://raw.githubusercontent.com/roosterkid/openproxylist/main/HTTPS_RAW.txt",  "timeout": 5},
		{"type":1, "url": "https://raw.githubusercontent.com/UserR3X/proxy-list/main/online/https.txt",  "timeout": 5},
		{"type":1, "url": "https://raw.githubusercontent.com/opsxcq/proxy-list/master/list.txt",  "timeout": 5},
		{"type":1, "url": "https://raw.githubusercontent.com/proxy4parsing/proxy-list/main/http.txt",  "timeout": 5},
		{"type":1, "url": "http://rootjazz.com/proxies/proxies.txt",  "timeout": 5},
		{"type":1, "url": "http://spys.me/proxy.txt",  "timeout": 5},
		{"type":1, "url": "https://sheesh.rip/http.txt",  "timeout": 5},
		{"type":1, "url": "http://worm.rip/http.txt",  "timeout": 5},
		{"type":1, "url": "http://www.proxyserverlist24.top/feeds/posts/default",  "timeout": 5},
		{"type":1, "url": "https://www.proxy-list.download/api/v1/get?type=http",  "timeout": 5},
		{"type":1, "url": "https://www.proxyscan.io/download?type=http",  "timeout": 5},
		{"type":1, "url": "https://www.my-proxy.com/free-anonymous-proxy.html",  "timeout": 5},
		{"type":1, "url": "https://www.my-proxy.com/free-transparent-proxy.html",  "timeout": 5},
		{"type":1, "url": "https://www.my-proxy.com/free-proxy-list.html",  "timeout": 5},
		{"type":1, "url": "https://www.my-proxy.com/free-proxy-list-2.html",  "timeout": 5},
		{"type":1, "url": "https://www.my-proxy.com/free-proxy-list-3.html",  "timeout": 5},
		{"type":1, "url": "https://www.my-proxy.com/free-proxy-list-4.html",  "timeout": 5},
		{"type":1, "url": "https://www.my-proxy.com/free-proxy-list-5.html",  "timeout": 5},
		{"type":1, "url": "https://www.my-proxy.com/free-proxy-list-6.html",  "timeout": 5},
		{"type":1, "url": "https://www.my-proxy.com/free-proxy-list-7.html",  "timeout": 5},
		{"type":1, "url": "https://www.my-proxy.com/free-proxy-list-8.html",  "timeout": 5},
		{"type":1, "url": "https://www.my-proxy.com/free-proxy-list-9.html",  "timeout": 5},
		{"type":1, "url": "https://www.my-proxy.com/free-proxy-list-10.html",  "timeout": 5},
		{"type":1, "url": "https://www.freeproxychecker.com/result/http_proxies.txt",  "timeout": 5}
     ]
}
